{
  "meta": {
    "fold_dir": "./ml-20m/folds_hash_20m",
    "device": "cuda",
    "batch_size": 131072,
    "seed": 42,
    "methods": [
      "nc_mf_sgd"
    ],
    "n_users": 138493,
    "n_items": 26744,
    "params": {
      "fold_dir": "./ml-20m/folds_hash_20m",
      "device": "cuda",
      "batch_size": 131072,
      "seed": 42,
      "shuffle_chunk": 1000000,
      "rank_mf": 64,
      "epochs_mf": 4,
      "lr_mf": 0.01,
      "reg_mf": 0.005,
      "reg_bias": 0.005,
      "rank_pgd": 32,
      "iters_pgd": 30,
      "eta_pgd": 0.2,
      "rank_cvx": 32,
      "iters_softimpute": 30,
      "lam_softimpute": 0.5,
      "iters_ista": 30,
      "lam_ista": 0.5,
      "eta_ista": 0.1,
      "iters_fista": 30,
      "lam_fista": 0.5,
      "eta_fista": 0.1,
      "iters_fw": 30,
      "tau_fw": 50.0,
      "methods": [
        "nc_mf_sgd"
      ]
    }
  },
  "results": {
    "nc_mf_sgd": [
      0.9071555816370314,
      0.9028280730325862,
      0.9156805376150206,
      0.9091635217292173,
      0.9260895513173764
    ]
  },
  "summary": {
    "nc_mf_sgd": {
      "mean": 0.9121834530662465,
      "std": 0.009048919560846067,
      "folds": 5
    }
  }
}