{
  "meta": {
    "fold_dir": "./ml-10M100K/folds_hash",
    "device": "cuda",
    "batch_size": 131072,
    "seed": 42,
    "methods": [
      "nc_mf_sgd",
      "nc_mf_nobias",
      "nc_alt_block",
      "nc_spec_alt",
      "nc_perturb",
      "nc_pgd_rankk",
      "c_softimpute",
      "c_ista_nuc",
      "c_fista_nuc",
      "c_fw_trace"
    ],
    "n_users": 69878,
    "n_items": 10677,
    "params": {
      "fold_dir": "./ml-10M100K/folds_hash",
      "device": "cuda",
      "batch_size": 131072,
      "seed": 42,
      "shuffle_chunk": 1000000,
      "rank_mf": 64,
      "epochs_mf": 30,
      "lr_mf": 0.02,
      "reg_mf": 0.02,
      "reg_bias": 0.005,
      "rank_pgd": 32,
      "iters_pgd": 30,
      "eta_pgd": 0.2,
      "rank_cvx": 32,
      "iters_softimpute": 30,
      "lam_softimpute": 0.5,
      "iters_ista": 30,
      "lam_ista": 0.5,
      "eta_ista": 0.1,
      "iters_fista": 30,
      "lam_fista": 0.5,
      "eta_fista": 0.1,
      "iters_fw": 30,
      "tau_fw": 50.0,
      "methods": [
        "nc_mf_sgd",
        "nc_mf_nobias",
        "nc_alt_block",
        "nc_spec_alt",
        "nc_perturb",
        "nc_pgd_rankk",
        "c_softimpute",
        "c_ista_nuc",
        "c_fista_nuc",
        "c_fw_trace"
      ]
    }
  },
  "results": {
    "nc_mf_sgd": [
      0.8495997240844286,
      0.8492260388556542,
      0.852479029254512,
      0.8469970110361748,
      0.8496567232342852
    ],
    "nc_mf_nobias": [
      0.9946980608245101,
      0.9949054292325809,
      0.9942362760664772,
      0.995663306179988,
      0.9961847871097178
    ],
    "nc_alt_block": [
      1.0089736211111926,
      1.0102548314645914,
      1.0130813560280605,
      1.0114720263078034,
      1.0113921550955973
    ],
    "nc_spec_alt": [
      1.0101092040583703,
      1.01162273023051,
      1.0105682530603826,
      1.0108838078717404,
      1.0114602015249727
    ],
    "nc_perturb": [
      0.961587094004205,
      0.9638920782949907,
      0.9616864845452238,
      0.9636178999524508,
      0.9655738834828081
    ],
    "nc_pgd_rankk": [
      0.9509530340583855,
      0.950754933240989,
      0.9509967918962229,
      0.951609217833789,
      0.9501608212189884
    ],
    "c_softimpute": [
      0.9184052607685512,
      0.9214954705326965,
      0.9200007460238141,
      0.9183188827610453,
      0.9195548021689544
    ],
    "c_ista_nuc": [
      0.9787054777084535,
      0.9789003185622818,
      0.9791328829189588,
      0.9783282878623273,
      0.9769604073918161
    ],
    "c_fista_nuc": [
      2.4370007006807843,
      2.5731429295113766,
      2.5760452538583634,
      2.5023143923301294,
      2.576237218760261
    ],
    "c_fw_trace": [
      1.0596273905761706,
      1.0594759279987254,
      1.0602218828655572,
      1.0602810730423249,
      1.0598448507436884
    ]
  },
  "summary": {
    "nc_mf_sgd": {
      "mean": 0.8495917052930109,
      "std": 0.0019498129091165088,
      "folds": 5
    },
    "nc_mf_nobias": {
      "mean": 0.9951375718826547,
      "std": 0.0007798157813963309,
      "folds": 5
    },
    "nc_alt_block": {
      "mean": 1.0110347980014491,
      "std": 0.0015300384319068836,
      "folds": 5
    },
    "nc_spec_alt": {
      "mean": 1.010928839349195,
      "std": 0.0006260356684379009,
      "folds": 5
    },
    "nc_perturb": {
      "mean": 0.9632714880559357,
      "std": 0.0016699983232787853,
      "folds": 5
    },
    "nc_pgd_rankk": {
      "mean": 0.950894959649675,
      "std": 0.0005202100122783275,
      "folds": 5
    },
    "c_softimpute": {
      "mean": 0.9195550324510122,
      "std": 0.0013051821298821435,
      "folds": 5
    },
    "c_ista_nuc": {
      "mean": 0.9784054748887675,
      "std": 0.0008599669039008897,
      "folds": 5
    },
    "c_fista_nuc": {
      "mean": 2.5329480990281827,
      "std": 0.06223195375951199,
      "folds": 5
    },
    "c_fw_trace": {
      "mean": 1.0598902250452933,
      "std": 0.00035550734687409945,
      "folds": 5
    }
  }
}