{
  "meta": {
    "fold_dir": "./ml-20m/folds_hash_20m",
    "device": "cuda",
    "batch_size": 131072,
    "seed": 42,
    "methods": [
      "nc_mf_sgd",
      "nc_spec_alt",
      "nc_perturb"
    ],
    "n_users": 138493,
    "n_items": 26744,
    "params": {
      "fold_dir": "./ml-20m/folds_hash_20m",
      "device": "cuda",
      "batch_size": 131072,
      "seed": 42,
      "shuffle_chunk": 1000000,
      "rank_mf": 8,
      "epochs_mf": 4,
      "lr_mf": 0.02,
      "reg_mf": 0.02,
      "reg_bias": 0.005,
      "rank_pgd": 32,
      "iters_pgd": 30,
      "eta_pgd": 0.2,
      "rank_cvx": 32,
      "iters_softimpute": 30,
      "lam_softimpute": 0.5,
      "iters_ista": 30,
      "lam_ista": 0.5,
      "eta_ista": 0.1,
      "iters_fista": 30,
      "lam_fista": 0.5,
      "eta_fista": 0.1,
      "iters_fw": 30,
      "tau_fw": 50.0,
      "methods": [
        "nc_mf_sgd",
        "nc_spec_alt",
        "nc_perturb"
      ]
    }
  },
  "results": {
    "nc_mf_sgd": [
      0.8517488116668244,
      0.860843901979662,
      0.8584489783506631,
      0.8750138546312631,
      0.8677103316812231
    ],
    "nc_spec_alt": [
      0.8318878903423155,
      0.8318197100179747,
      0.8304383808063056,
      0.8297132331194118,
      0.8275479733347291
    ],
    "nc_perturb": [
      0.862950108336284,
      0.8521925530746627,
      0.8852625887574683,
      0.8795175580809154,
      0.8487192865639043
    ]
  },
  "summary": {
    "nc_mf_sgd": {
      "mean": 0.8627531756619271,
      "std": 0.008918591705162274,
      "folds": 5
    },
    "nc_spec_alt": {
      "mean": 0.8302814375241473,
      "std": 0.0017864970498487956,
      "folds": 5
    },
    "nc_perturb": {
      "mean": 0.865728418962647,
      "std": 0.016217069767901097,
      "folds": 5
    }
  }
}