{
  "meta": {
    "fold_dir": "./ml-20m/folds_hash_20m",
    "device": "cuda",
    "batch_size": 131072,
    "seed": 42,
    "methods": [
      "nc_mf_sgd",
      "nc_spec_alt",
      "nc_perturb"
    ],
    "n_users": 138493,
    "n_items": 26744,
    "params": {
      "fold_dir": "./ml-20m/folds_hash_20m",
      "device": "cuda",
      "batch_size": 131072,
      "seed": 42,
      "shuffle_chunk": 1000000,
      "rank_mf": 32,
      "epochs_mf": 4,
      "lr_mf": 0.02,
      "reg_mf": 0.02,
      "reg_bias": 0.005,
      "rank_pgd": 32,
      "iters_pgd": 30,
      "eta_pgd": 0.2,
      "rank_cvx": 32,
      "iters_softimpute": 30,
      "lam_softimpute": 0.5,
      "iters_ista": 30,
      "lam_ista": 0.5,
      "eta_ista": 0.1,
      "iters_fista": 30,
      "lam_fista": 0.5,
      "eta_fista": 0.1,
      "iters_fw": 30,
      "tau_fw": 50.0,
      "methods": [
        "nc_mf_sgd",
        "nc_spec_alt",
        "nc_perturb"
      ]
    }
  },
  "results": {
    "nc_mf_sgd": [
      0.8876313076985511,
      0.8477103400927857,
      0.8344861417275576,
      0.9211035127731322,
      0.8449803555587405
    ],
    "nc_spec_alt": [
      0.8772921966809283,
      0.8764964001747583,
      0.8751915132928071,
      0.8775380072362933,
      0.8778332903814717
    ],
    "nc_perturb": [
      0.8491909216907426,
      0.8999845752676725,
      0.8494805204423227,
      0.8489554017719939,
      0.9155427110862563
    ]
  },
  "summary": {
    "nc_mf_sgd": {
      "mean": 0.8671823315701535,
      "std": 0.03628629709736635,
      "folds": 5
    },
    "nc_spec_alt": {
      "mean": 0.8768702815532518,
      "std": 0.0010617563425105794,
      "folds": 5
    },
    "nc_perturb": {
      "mean": 0.8726308260517976,
      "std": 0.03254054760783761,
      "folds": 5
    }
  }
}