{
  "train_rmse": [
    0.9561659513735468,
    0.7798681508750462,
    0.668443095031625,
    0.6095446767843999,
    0.5778858511388053,
    0.5577518908805305,
    0.5432729297065075,
    0.5322202058271105,
    0.5233084218090647,
    0.5157073948306033,
    0.5091284863189877,
    0.5033115556888796,
    0.4981720712712483,
    0.4935493611721515,
    0.4892825569268802,
    0.48544356557996526,
    0.48196854800891437,
    0.4787509232210336,
    0.4758022509280225,
    0.4730830555012953,
    0.470577571388211,
    0.46826248665915854,
    0.46611419606291765,
    0.4641721584470562,
    0.46230551124791724,
    0.46060080023451144,
    0.45899560384430577,
    0.4575048677830392,
    0.4561116969884769,
    0.4548015478052399
  ],
  "val_rmse": [
    0.868033567837602,
    0.8428952046247579,
    0.8657922621961173,
    0.8843416039914779,
    0.8979676777269628,
    0.9090599883654031,
    0.9181015461500291,
    0.9262310514923103,
    0.9326777252789203,
    0.938623933805977,
    0.9440096847851095,
    0.9487233585371473,
    0.9532496015158889,
    0.957317778341008,
    0.9610562580385609,
    0.9644992360675047,
    0.9677373451376776,
    0.9707361128990428,
    0.9735807153772036,
    0.9761287751110967,
    0.9787246489817171,
    0.9807643988384176,
    0.983273054931039,
    0.9852189104618226,
    0.9870793290837785,
    0.9890510230616358,
    0.990638934758744,
    0.992417437985596,
    0.9936960303257801,
    0.9953716966785677
  ]
}