{
  "train_rmse": [
    2.117643440414428,
    1.0501511104089538,
    0.8659101404574621,
    0.8038562867975986,
    0.7536549776849282,
    0.7090214163255313
  ],
  "val_rmse": [
    1.146139452888234,
    0.8914611901071973,
    0.8468237038768324,
    0.8358934812129507,
    0.8330838046512855,
    0.8390459492607395
  ]
}