{
  "train_rmse": [
    2.361960196319384,
    0.896893714732705,
    0.8659611364581262,
    0.8547808770986732
  ],
  "val_rmse": [
    0.9772798574392505,
    0.872621481940369,
    0.8652408876390063,
    0.8556673282039824
  ]
}