{
  "train_rmse": [
    0.9552569178436754,
    0.7841630267843749,
    0.6741563475195524,
    0.6154616205891599,
    0.5836824803144222,
    0.5630161927905382,
    0.5479490515583906,
    0.5364301340258112,
    0.5268534391984561,
    0.5188687472252678,
    0.5118608026052021,
    0.5059223336303357,
    0.5005909793622693,
    0.49590192646928294,
    0.4916274853030506,
    0.4877668194268271,
    0.4841757419844065,
    0.4809680718810548,
    0.4779586831485025,
    0.4752402025902008,
    0.4726879348880226,
    0.4703642053556833,
    0.46818621144248895,
    0.4662039435817007,
    0.4643406428320915,
    0.4626059969936984,
    0.4609868074178078,
    0.4594747722544587,
    0.45807849694557246,
    0.4567426802414875
  ],
  "val_rmse": [
    0.8667707555575194,
    0.8436498477535584,
    0.8664030473402216,
    0.8845651751551172,
    0.8981974029873708,
    0.9092063786924903,
    0.9177323558526395,
    0.9260564504867357,
    0.9328293884388673,
    0.9385338927475071,
    0.9437314437284688,
    0.9490536105036621,
    0.9532865404160328,
    0.9572643800951657,
    0.9613311204392503,
    0.9645853189565939,
    0.9680250243306435,
    0.9710045734588201,
    0.9737062482080142,
    0.9764030677213971,
    0.9789966722581454,
    0.9811681439626458,
    0.9834467022319452,
    0.9855672671392415,
    0.987460598607454,
    0.9892017951656729,
    0.9911075578145674,
    0.9926459266299361,
    0.9942333165886668,
    0.9956047566250021
  ]
}