{
  "train_rmse": [
    2.2705193265823933,
    0.9062547782537771,
    0.8435232273006413,
    0.8303585291346482
  ],
  "val_rmse": [
    0.9410535512030966,
    0.853650210226896,
    0.8451202196088139,
    0.8401129007268865
  ]
}