{
  "train_rmse": [
    2.1075959246800324,
    1.0053862904497093,
    0.8570943356672994,
    0.7931424743222555,
    0.7453154599415031,
    0.7042088184089681
  ],
  "val_rmse": [
    1.0916081412351337,
    0.8754702375784632,
    0.8452400041404141,
    0.8383120970337992,
    0.841587231752682,
    0.8474072413369156
  ]
}