{
  "train_rmse": [
    2.1174386576634876,
    1.0149596692557994,
    0.8492714691052862,
    0.7926821521179238,
    0.7451623563015456,
    0.7020670295537738
  ],
  "val_rmse": [
    1.103054447426274,
    0.8717433332220357,
    0.8441435392235661,
    0.843553294416227,
    0.8441425579547447,
    0.8501664544727858
  ]
}