{
  "train_rmse": [
    2.3447191181736353,
    0.8986611772894777,
    0.8777511839283619,
    0.8748609583036997
  ],
  "val_rmse": [
    0.952427627775479,
    0.8779102866684404,
    0.8760174866901829,
    0.8730443968753235
  ]
}