{
  "train_rmse": [
    2.34073188231107,
    0.8974556615271941,
    0.8769961759574777,
    0.8734043307021501
  ],
  "val_rmse": [
    0.9506929361979383,
    0.8777194857725976,
    0.87556064202383,
    0.8714832838285368
  ]
}