{
  "train_rmse": [
    2.3578095081826795,
    0.900077671993424,
    0.8763454381547215,
    0.8717526712632833
  ],
  "val_rmse": [
    0.9738503080409828,
    0.8773512719600138,
    0.8746584239489431,
    0.8697530021915962
  ]
}