{
  "train_rmse": [
    2.118188963580985,
    1.038914940680114,
    0.8594129954513287,
    0.8038078948565074,
    0.7527334087254073,
    0.7085487615038082
  ],
  "val_rmse": [
    1.1371399152615713,
    0.8838160194532438,
    0.8461162590967548,
    0.8367606637888119,
    0.835878612416726,
    0.8431547854261863
  ]
}