{
  "train_rmse": [
    2.117355649354758,
    1.0298257537733504,
    0.8609975528572049,
    0.7969440672531557,
    0.746361041720298,
    0.703064191400078
  ],
  "val_rmse": [
    1.116640350007828,
    0.8841735583872444,
    0.847007006146473,
    0.8413151413525265,
    0.8423198018940593,
    0.849618751884278
  ]
}