{
  "train_rmse": [
    2.352912027056917,
    0.8992896262097407,
    0.8751666472134277,
    0.8687032085836379
  ],
  "val_rmse": [
    0.973816537798225,
    0.8772222678873473,
    0.8735506530960379,
    0.8660954200744139
  ]
}