{
  "train_rmse": [
    0.9566302732487937,
    0.7841530392467796,
    0.6741840468100041,
    0.6152743028961181,
    0.584718997610339,
    0.563059307337625,
    0.547517284817586,
    0.5356811835991551,
    0.5261455848979338,
    0.518309253289198,
    0.51152504474956,
    0.5056615196998876,
    0.500489772261799,
    0.49578800780213755,
    0.4915535125031578,
    0.48764389602829045,
    0.4841198958461262,
    0.48083211421301236,
    0.47782696987327794,
    0.4750383664550422,
    0.4725139929553697,
    0.4701944230489484,
    0.46804983415952883,
    0.4660995698851193,
    0.4642319274626933,
    0.46251203965711846,
    0.4608946877316727,
    0.45939043159195597,
    0.457972667134074,
    0.4566501543187613
  ],
  "val_rmse": [
    0.8681099799154166,
    0.8433539977256167,
    0.8663602111810156,
    0.8845849619974008,
    0.8989135468295762,
    0.9088637494740132,
    0.918521981070226,
    0.9258142526272476,
    0.9325764411981067,
    0.9389146580949523,
    0.9439615366076979,
    0.9490004424139304,
    0.9535050471852861,
    0.9572441659527988,
    0.9618106089904702,
    0.9645146514871977,
    0.9686714661739025,
    0.97093899290765,
    0.9743358537562254,
    0.9765950755993907,
    0.9793965823460956,
    0.9815277727134792,
    0.983814363612585,
    0.9858244360584006,
    0.9879301931443284,
    0.9895030195615648,
    0.9915052144589859,
    0.9928790196333889,
    0.9946481790704474,
    0.9959736162218898
  ]
}