{
  "train_rmse": [
    0.9554792042285138,
    0.779614093879715,
    0.6681631624967775,
    0.6097311584505732,
    0.5779887579264117,
    0.557813003119297,
    0.5434802821054312,
    0.5323649521698014,
    0.5233843943134178,
    0.5157454202297282,
    0.5091823599045312,
    0.5033594507164966,
    0.4981794470765017,
    0.49350314254872424,
    0.4892790609611881,
    0.485439970109886,
    0.48191367138846375,
    0.4786467123566406,
    0.47572214193278917,
    0.47300042367769896,
    0.470514121711484,
    0.4682024084031176,
    0.4660828284374959,
    0.4640839284991312,
    0.46223744205082656,
    0.4605264392259094,
    0.4589209888722915,
    0.4574349637134758,
    0.4560336844674705,
    0.454723272660221
  ],
  "val_rmse": [
    0.8653873879438855,
    0.8434142239818633,
    0.8658343398647669,
    0.8843320566631677,
    0.8977623517864897,
    0.9088202739385682,
    0.9177593262556337,
    0.9257236537236246,
    0.9321238978789648,
    0.9382941222066818,
    0.943521882579489,
    0.9485870402982146,
    0.9531604147799757,
    0.9570223002036938,
    0.9610166511460512,
    0.9645717043650589,
    0.9677352478067612,
    0.970837312745594,
    0.9736094079212744,
    0.9760775283087636,
    0.9789041015782682,
    0.9809183481235462,
    0.9832153186368743,
    0.9851881362538889,
    0.9872411205059666,
    0.9889774016806843,
    0.9908672651402581,
    0.9924569190078008,
    0.9939890433268714,
    0.9954826678046145
  ]
}