{
  "train_rmse": [
    2.3418583690620984,
    0.8969808446744416,
    0.8758435332055905,
    0.8702972013559305
  ],
  "val_rmse": [
    0.949886085073358,
    0.87723914945283,
    0.8740264645920597,
    0.868153290250418
  ]
}