{
  "train_rmse": [
    0.9559184863802795,
    0.7820891032361087,
    0.6734476814866027,
    0.6144757533304868,
    0.5827525836001194,
    0.5619852321045692,
    0.5470655611760838,
    0.5356349768088078,
    0.5259509184623207,
    0.5180134929617314,
    0.5112738050652944,
    0.5055207298817663,
    0.5003160046825459,
    0.49549235509570566,
    0.4910528777921494,
    0.48707400869246875,
    0.48342239467335857,
    0.48018412169187363,
    0.477106405827578,
    0.47434969472168975,
    0.47176421322926904,
    0.469438286363623,
    0.4672883968061495,
    0.4652822348532731,
    0.4634474912821042,
    0.4617229662905835,
    0.46012400511267965,
    0.4586160459446489,
    0.45723242974471945,
    0.4559170372458896
  ],
  "val_rmse": [
    0.8650937136346829,
    0.8433276783384706,
    0.8660863853438351,
    0.8836962735308913,
    0.8963847525324614,
    0.9076004912886856,
    0.9173951467661783,
    0.9238454550398493,
    0.9313979296110168,
    0.9372223766226863,
    0.9420211996185165,
    0.9483800844044176,
    0.9512399091433206,
    0.9562563328817035,
    0.9597376852279081,
    0.962745502972287,
    0.9672420468796141,
    0.9690098695463734,
    0.9726947412964657,
    0.9748958143350667,
    0.9774607762129595,
    0.9799774021785194,
    0.9819933750667946,
    0.9842240118137672,
    0.9860515803650417,
    0.987927834912232,
    0.9896000820872687,
    0.9912157121738115,
    0.9927411948864918,
    0.9942000540816972
  ]
}