{
  "train_rmse": [
    2.335449390811364,
    0.8976371881785773,
    0.8786956566104611,
    0.8766851715825006
  ],
  "val_rmse": [
    0.9465240900369299,
    0.8774165417732229,
    0.8761380911204751,
    0.8745496428690249
  ]
}