{
  "train_rmse": [
    2.1120831150828088,
    1.0590447419196496,
    0.8682844632634191,
    0.8085102332601177,
    0.7582598119618327,
    0.7149553901583157
  ],
  "val_rmse": [
    1.1589059533028203,
    0.8956708465752823,
    0.8484200260412242,
    0.8364266892958353,
    0.8331940314999592,
    0.8395362794536493
  ]
}