{
  "train_rmse": [
    2.347216409521223,
    0.8992734531993012,
    0.878247171505252,
    0.8753894999669357
  ],
  "val_rmse": [
    0.9528865643088418,
    0.8774058959697465,
    0.8756181828102113,
    0.8731259323076898
  ]
}