{
  "train_rmse": [
    2.3695090330648996,
    0.8975468842310056,
    0.8630104307918594,
    0.8495104305919798
  ],
  "val_rmse": [
    0.9815252271733409,
    0.8708195936492112,
    0.861339932407281,
    0.8507713870732474
  ]
}