{
  "train_rmse": [
    2.114894024495159,
    1.0352255126453354,
    0.8581331591027924,
    0.7988573274702754,
    0.7480250125335218,
    0.7043477607667665
  ],
  "val_rmse": [
    1.125078426517453,
    0.8822737554681752,
    0.8464205999007834,
    0.8400756077942781,
    0.8396775405086387,
    0.8473515782909187
  ]
}