{
  "train_rmse": [
    1.7516573858561724,
    0.8640419419147934,
    0.7479019320280111,
    0.6966971779540367
  ],
  "val_rmse": [
    1.0126816069126015,
    0.8612168332379416,
    0.8676159587788955,
    0.878990794211376
  ]
}