{
  "train_rmse": [
    2.3996402059328634,
    0.971015586187911,
    0.8902320907219605,
    0.8328800468147927
  ],
  "val_rmse": [
    1.0206691038234745,
    0.9491417106075494,
    0.8993632541056213,
    0.955791444059096
  ]
}