{
  "train_rmse": [
    1.7414688775122908,
    0.8599287521528864,
    0.7471549822767876,
    0.6965027697041739
  ],
  "val_rmse": [
    0.9743911030608832,
    0.8605009078080958,
    0.8655218495094449,
    0.8807129684625048
  ]
}