{
  "train_rmse": [
    2.3820865603092733,
    0.9449402524531416,
    0.8580891374773734,
    0.8619986303046884
  ],
  "val_rmse": [
    1.02777012631049,
    0.9098125584207251,
    0.9628869893152662,
    0.9858330081987358
  ]
}