{
  "train_rmse": [
    2.409144496817997,
    0.9411355820526988,
    0.8533071258752183,
    0.8527207518340147
  ],
  "val_rmse": [
    1.0266203352667496,
    0.9093297311984715,
    0.9326545297223374,
    1.0362264469614704
  ]
}