{
  "train_rmse": [
    1.7460828647355702,
    0.8619591257206598,
    0.7604705503032992,
    0.723710494460631
  ],
  "val_rmse": [
    0.9938693479539809,
    0.8606032290734709,
    0.871606209674886,
    0.8812340720970853
  ]
}