{
  "train_rmse": [
    2.4119106677386877,
    0.9575932652443975,
    0.8656130070333394,
    0.8397990282258594
  ],
  "val_rmse": [
    1.0637094155398015,
    0.927649820103914,
    0.9425566635692212,
    0.9961194462011188
  ]
}