{
  "train_rmse": [
    1.7487335539967532,
    0.8652993564582308,
    0.76156905156833,
    0.7203871831697606
  ],
  "val_rmse": [
    0.9864021898327598,
    0.8636305333405204,
    0.8684481109712805,
    0.8802789265388508
  ]
}