{
  "train_rmse": [
    1.75367464231994,
    0.8659279535171082,
    0.7478009499807725,
    0.6962170000621961
  ],
  "val_rmse": [
    1.0253594285008052,
    0.8602690360993362,
    0.8676264550799684,
    0.8791182463032192
  ]
}