{
  "train_rmse": [
    2.220788141565956,
    0.9410286423401126,
    0.8771493126549934,
    0.8893665791025367,
    0.8644534954620567,
    0.7937902041364324,
    0.7069092080529671,
    0.6603093582055759,
    0.6096770167522665,
    0.5849158106314282,
    0.569480102310126,
    0.5547398358029414,
    0.5460845446097532,
    0.5385014709623921,
    0.531849373927618,
    0.526809714373731,
    0.5219559467850426,
    0.5178014036091168,
    0.5140821411560463,
    0.5105474474163988,
    0.50742853377251,
    0.5044844421045372,
    0.5017214875493692,
    0.4991765404013915,
    0.4967360448616989,
    0.4944820386238573,
    0.4923540902708589,
    0.4903585505478213,
    0.48848778625134986,
    0.48668500036236323
  ],
  "val_rmse": [
    1.08225078814205,
    0.8915972251967029,
    0.9630212677504876,
    0.8991446588231733,
    1.0091367203138246,
    0.8652810903737946,
    0.8719331473814284,
    0.855061326598265,
    0.8606774030612464,
    0.8699773704193254,
    0.8768049757825005,
    0.886045918453802,
    0.8921880025284394,
    0.8990557188107363,
    0.9056869615088718,
    0.9097757354973692,
    0.9152009324983785,
    0.9198144019773783,
    0.9230319947012195,
    0.9272887627341247,
    0.9305223344767972,
    0.933302974988544,
    0.9366565357578418,
    0.9390632816507906,
    0.9416051054771114,
    0.9441881161928953,
    0.9462087657192461,
    0.9485421414067599,
    0.9504855604913754,
    0.9524453028876056
  ]
}