{
  "meta": {
    "fold_dir": "./ml-20m/folds_hash_20m",
    "device": "cuda",
    "batch_size": 131072,
    "seed": 42,
    "methods": [
      "nc_mf_sgd",
      "nc_spec_alt",
      "nc_perturb",
      "nc_pgd_rankk",
      "c_softimpute",
      "c_ista_nuc",
      "c_fista_nuc",
      "c_fw_trace"
    ],
    "n_users": 138493,
    "n_items": 26744,
    "params": {
      "fold_dir": "./ml-20m/folds_hash_20m",
      "device": "cuda",
      "batch_size": 131072,
      "seed": 42,
      "shuffle_chunk": 1000000,
      "rank_mf": 64,
      "epochs_mf": 30,
      "lr_mf": 0.02,
      "reg_mf": 0.02,
      "reg_bias": 0.005,
      "rank_pgd": 32,
      "iters_pgd": 30,
      "eta_pgd": 0.2,
      "rank_cvx": 32,
      "iters_softimpute": 30,
      "lam_softimpute": 0.5,
      "iters_ista": 30,
      "lam_ista": 0.5,
      "eta_ista": 0.1,
      "iters_fista": 30,
      "lam_fista": 0.5,
      "eta_fista": 0.1,
      "iters_fw": 30,
      "tau_fw": 50.0,
      "methods": [
        "nc_mf_sgd",
        "nc_spec_alt",
        "nc_perturb",
        "nc_pgd_rankk",
        "c_softimpute",
        "c_ista_nuc",
        "c_fista_nuc",
        "c_fw_trace"
      ]
    }
  },
  "results": {
    "nc_mf_sgd": [
      0.9018145383339592,
      0.8696211405421804,
      0.9187990795363415,
      0.8590057807239346,
      0.8595160781617621
    ],
    "nc_spec_alt": [
      1.0126406679073923,
      1.0115055190514208,
      1.012613268272731,
      1.0125487950444219,
      1.013576062381274
    ],
    "nc_perturb": [
      0.9528998939280741,
      0.9528822169472819,
      0.9521620711467247,
      0.9517543911755624,
      0.9526793357538224
    ],
    "nc_pgd_rankk": [
      0.9507513457279131,
      0.9510574331689953,
      0.950459129419522,
      0.9515240382291688,
      0.9493899031579486
    ],
    "c_softimpute": [
      0.9188008166986111,
      0.9215036660264213,
      0.9172178711102693,
      0.9184147100898832,
      0.9213909741883337
    ],
    "c_ista_nuc": [
      0.975270379623039,
      0.976020798658611,
      0.975054368579206,
      0.9741902972296207,
      0.9761815942851904
    ],
    "c_fista_nuc": [
      2.5826089295970736,
      2.5403104290201197,
      2.563589067545865,
      2.526709721224264,
      2.5475453153527026
    ],
    "c_fw_trace": [
      1.051491186754666,
      1.0520814297346341,
      1.0511389518345782,
      1.05118230254632,
      1.0522680880786695
    ]
  },
  "summary": {
    "nc_mf_sgd": {
      "mean": 0.8817513234596355,
      "std": 0.02708309438940419,
      "folds": 5
    },
    "nc_spec_alt": {
      "mean": 1.012576862531448,
      "std": 0.0007335464334169051,
      "folds": 5
    },
    "nc_perturb": {
      "mean": 0.9524755817902932,
      "std": 0.0005013266014355849,
      "folds": 5
    },
    "nc_pgd_rankk": {
      "mean": 0.9506363699407097,
      "std": 0.0008005564169799136,
      "folds": 5
    },
    "c_softimpute": {
      "mean": 0.9194656076227037,
      "std": 0.0019012739476193775,
      "folds": 5
    },
    "c_ista_nuc": {
      "mean": 0.9753434876751335,
      "std": 0.0008031120252949284,
      "folds": 5
    },
    "c_fista_nuc": {
      "mean": 2.552152692548005,
      "std": 0.021605467873579486,
      "folds": 5
    },
    "c_fw_trace": {
      "mean": 1.0516323917897736,
      "std": 0.0005176260778873465,
      "folds": 5
    }
  }
}